{
    "individual_accuracies": [
        0.7213114754098361,
        0.7704918032786885,
        0.7868852459016393,
        0.7540983606557377,
        0.5409836065573771
    ],
    "mean_accuracy": 0.7147540983606557,
    "ensemble_accuracies": {
        "hard_voting": 0.819672131147541,
        "soft_voting": 0.8524590163934426,
        "linear_soft_voting": 0.8688524590163934
    }
}