{
    "individual_accuracies": [
        0.8360655737704918,
        0.8524590163934426,
        0.8360655737704918,
        0.4918032786885246,
        0.8852459016393442
    ],
    "mean_accuracy": 0.780327868852459,
    "ensemble_accuracies": {
        "hard_voting": 0.8852459016393442,
        "soft_voting": 0.8688524590163934,
        "linear_soft_voting": 0.8852459016393442
    }
}