{
    "individual_accuracies": [
        0.7213114754098361,
        0.6721311475409836,
        0.7540983606557377,
        0.6229508196721312,
        0.7540983606557377,
        0.47540983606557374,
        0.8032786885245902,
        0.5573770491803278,
        0.5737704918032787,
        0.819672131147541
    ],
    "mean_accuracy": 0.6754098360655737,
    "ensemble_accuracies": {
        "hard_voting": 0.8688524590163934,
        "soft_voting": 0.8032786885245902,
        "linear_soft_voting": 0.8032786885245902
    }
}