{
    "individual_accuracies": [
        0.7377049180327869,
        0.7704918032786885,
        0.6557377049180327,
        0.7213114754098361,
        0.8524590163934426,
        0.5409836065573771,
        0.8524590163934426,
        0.6065573770491803,
        0.7377049180327869,
        0.7377049180327869
    ],
    "mean_accuracy": 0.721311475409836,
    "ensemble_accuracies": {
        "hard_voting": 0.8524590163934426,
        "soft_voting": 0.8852459016393442,
        "linear_soft_voting": 0.8852459016393442
    }
}