{
    "individual_accuracies": [
        0.7213114754098361,
        0.6721311475409836,
        0.5901639344262295,
        0.5081967213114754,
        0.8688524590163934,
        0.8688524590163934,
        0.7704918032786885,
        0.6885245901639344,
        0.3770491803278688,
        0.8524590163934426,
        0.8524590163934426,
        0.7540983606557377,
        0.7049180327868853,
        0.639344262295082,
        0.8032786885245902,
        0.7868852459016393,
        0.819672131147541,
        0.6885245901639344,
        0.8852459016393442,
        0.7540983606557377
    ],
    "mean_accuracy": 0.730327868852459,
    "ensemble_accuracies": {
        "hard_voting": 0.8360655737704918,
        "soft_voting": 0.8688524590163934,
        "linear_soft_voting": 0.8688524590163934
    }
}