{
    "individual_accuracies": [
        0.6948051948051948,
        0.5714285714285714,
        0.7532467532467533,
        0.6493506493506493,
        0.6558441558441559
    ],
    "mean_accuracy": 0.6649350649350649,
    "ensemble_accuracies": {
        "hard_voting": 0.6753246753246753,
        "soft_voting": 0.6818181818181818,
        "linear_soft_voting": 0.6883116883116883
    }
}