{
    "individual_accuracies": [
        0.6818181818181818,
        0.7142857142857143,
        0.6233766233766234,
        0.6818181818181818,
        0.7987012987012987,
        0.6493506493506493,
        0.7402597402597403,
        0.6688311688311688,
        0.6948051948051948,
        0.6558441558441559
    ],
    "mean_accuracy": 0.6909090909090908,
    "ensemble_accuracies": {
        "hard_voting": 0.7597402597402597,
        "soft_voting": 0.7532467532467533,
        "linear_soft_voting": 0.7532467532467533
    }
}