{
    "individual_accuracies": [
        0.7012987012987013,
        0.7272727272727273,
        0.6363636363636364,
        0.7077922077922078,
        0.6558441558441559,
        0.6623376623376623,
        0.6948051948051948,
        0.487012987012987,
        0.7467532467532467,
        0.7402597402597403,
        0.7272727272727273,
        0.6623376623376623,
        0.6298701298701299,
        0.6753246753246753,
        0.7402597402597403,
        0.538961038961039,
        0.7662337662337663,
        0.7012987012987013,
        0.6688311688311688,
        0.6428571428571429
    ],
    "mean_accuracy": 0.6756493506493506,
    "ensemble_accuracies": {
        "hard_voting": 0.7207792207792207,
        "soft_voting": 0.7467532467532467,
        "linear_soft_voting": 0.7532467532467533
    }
}