{
    "individual_accuracies": [
        0.7207792207792207,
        0.7142857142857143,
        0.6883116883116883,
        0.33766233766233766,
        0.7337662337662337
    ],
    "mean_accuracy": 0.6389610389610388,
    "ensemble_accuracies": {
        "hard_voting": 0.7272727272727273,
        "soft_voting": 0.7337662337662337,
        "linear_soft_voting": 0.7467532467532467
    }
}