{
    "individual_accuracies": [
        0.9385964912280702,
        0.6491228070175439,
        0.9385964912280702,
        0.7192982456140351,
        0.9210526315789473,
        0.8508771929824561,
        0.9298245614035088,
        0.9736842105263158,
        0.6228070175438597,
        0.8421052631578947,
        0.7017543859649122,
        0.8947368421052632,
        0.6842105263157895,
        0.6666666666666666,
        0.6228070175438597,
        0.8070175438596491,
        0.9210526315789473,
        0.9473684210526315,
        0.6666666666666666,
        0.956140350877193
    ],
    "mean_accuracy": 0.8127192982456141,
    "ensemble_accuracies": {
        "hard_voting": 0.9298245614035088,
        "soft_voting": 0.956140350877193,
        "linear_soft_voting": 0.956140350877193
    }
}