{
    "individual_accuracies": [
        0.956140350877193,
        0.9649122807017544,
        0.8245614035087719,
        0.8596491228070176,
        0.9736842105263158
    ],
    "mean_accuracy": 0.9157894736842105,
    "ensemble_accuracies": {
        "hard_voting": 0.956140350877193,
        "soft_voting": 0.9649122807017544,
        "linear_soft_voting": 0.9649122807017544
    }
}