{
    "individual_accuracies": [
        0.9210526315789473,
        0.9736842105263158,
        0.956140350877193,
        0.9298245614035088,
        0.9649122807017544,
        0.6491228070175439,
        0.9736842105263158,
        0.6403508771929824,
        0.956140350877193,
        0.956140350877193
    ],
    "mean_accuracy": 0.8921052631578947,
    "ensemble_accuracies": {
        "hard_voting": 0.9649122807017544,
        "soft_voting": 0.9649122807017544,
        "linear_soft_voting": 0.9649122807017544
    }
}