{
    "individual_accuracies": [
        0.9210526315789473,
        0.956140350877193,
        0.8245614035087719,
        0.6491228070175439,
        0.9736842105263158,
        0.6929824561403509,
        0.956140350877193,
        0.9298245614035088,
        0.6228070175438597,
        0.8421052631578947
    ],
    "mean_accuracy": 0.8368421052631578,
    "ensemble_accuracies": {
        "hard_voting": 0.956140350877193,
        "soft_voting": 0.9649122807017544,
        "linear_soft_voting": 0.9649122807017544
    }
}