{
    "individual_accuracies": [
        0.7456140350877193,
        0.9736842105263158,
        0.7368421052631579,
        0.868421052631579,
        0.9210526315789473,
        0.2631578947368421,
        0.9473684210526315,
        0.35964912280701755,
        0.868421052631579,
        0.9210526315789473,
        0.9210526315789473,
        0.7982456140350878,
        0.7894736842105263,
        0.7543859649122807,
        0.9210526315789473,
        0.8947368421052632,
        0.9912280701754386,
        0.7631578947368421,
        0.956140350877193,
        0.8245614035087719
    ],
    "mean_accuracy": 0.8109649122807019,
    "ensemble_accuracies": {
        "hard_voting": 0.9210526315789473,
        "soft_voting": 0.9473684210526315,
        "linear_soft_voting": 0.9473684210526315
    }
}