{
    "individual_accuracies": [
        0.868421052631579,
        1.0,
        0.956140350877193,
        0.8070175438596491,
        0.9736842105263158
    ],
    "mean_accuracy": 0.9210526315789472,
    "ensemble_accuracies": {
        "hard_voting": 0.9912280701754386,
        "soft_voting": 0.9649122807017544,
        "linear_soft_voting": 0.9649122807017544
    }
}