{
    "individual_accuracies": [
        0.956140350877193,
        0.9736842105263158
    ],
    "mean_accuracy": 0.9649122807017544,
    "ensemble_accuracies": {
        "hard_voting": 0.956140350877193,
        "soft_voting": 0.9912280701754386,
        "linear_soft_voting": 0.9912280701754386
    }
}