{
    "individual_accuracies": [
        0.7377049180327869,
        0.7540983606557377,
        0.819672131147541,
        0.7704918032786885,
        0.5081967213114754
    ],
    "mean_accuracy": 0.7180327868852459,
    "ensemble_accuracies": {
        "hard_voting": 0.8032786885245902,
        "soft_voting": 0.819672131147541,
        "linear_soft_voting": 0.8360655737704918
    }
}