{
    "individual_accuracies": [
        0.7377049180327869,
        0.7377049180327869,
        0.7704918032786885,
        0.9016393442622951,
        0.8032786885245902
    ],
    "mean_accuracy": 0.7901639344262295,
    "ensemble_accuracies": {
        "hard_voting": 0.8688524590163934,
        "soft_voting": 0.8688524590163934,
        "linear_soft_voting": 0.8688524590163934
    }
}