{
    "individual_accuracies": [
        0.7377049180327869,
        0.6885245901639344,
        0.8032786885245902,
        0.7049180327868853,
        0.7868852459016393,
        0.8688524590163934,
        0.9016393442622951,
        0.8524590163934426,
        0.6557377049180327,
        0.8688524590163934
    ],
    "mean_accuracy": 0.7868852459016392,
    "ensemble_accuracies": {
        "hard_voting": 0.8524590163934426,
        "soft_voting": 0.8688524590163934,
        "linear_soft_voting": 0.8852459016393442
    }
}