{
    "individual_accuracies": [
        0.7377049180327869,
        0.7704918032786885,
        0.7377049180327869,
        0.639344262295082,
        0.8032786885245902,
        0.819672131147541,
        0.7213114754098361,
        0.7704918032786885,
        0.7049180327868853,
        0.8360655737704918,
        0.819672131147541,
        0.8688524590163934,
        0.8852459016393442,
        0.8688524590163934,
        0.8032786885245902,
        0.8360655737704918,
        0.5245901639344263,
        0.7868852459016393,
        0.7868852459016393,
        0.8524590163934426
    ],
    "mean_accuracy": 0.778688524590164,
    "ensemble_accuracies": {
        "hard_voting": 0.9016393442622951,
        "soft_voting": 0.8852459016393442,
        "linear_soft_voting": 0.8852459016393442
    }
}