{
    "individual_accuracies": [
        0.7377049180327869,
        0.6885245901639344,
        0.8032786885245902,
        0.6229508196721312,
        0.7868852459016393,
        0.47540983606557374,
        0.7540983606557377,
        0.6721311475409836,
        0.5737704918032787,
        0.5573770491803278
    ],
    "mean_accuracy": 0.6672131147540984,
    "ensemble_accuracies": {
        "hard_voting": 0.8524590163934426,
        "soft_voting": 0.8032786885245902,
        "linear_soft_voting": 0.819672131147541
    }
}