{
    "individual_accuracies": [
        0.7207792207792207,
        0.6948051948051948,
        0.7207792207792207,
        0.6883116883116883,
        0.7272727272727273,
        0.7012987012987013,
        0.7467532467532467,
        0.6883116883116883,
        0.6298701298701299,
        0.6688311688311688,
        0.7142857142857143,
        0.7077922077922078,
        0.7077922077922078,
        0.6818181818181818,
        0.6623376623376623,
        0.7857142857142857,
        0.7662337662337663,
        0.7012987012987013,
        0.6948051948051948,
        0.7597402597402597
    ],
    "mean_accuracy": 0.7084415584415583,
    "ensemble_accuracies": {
        "hard_voting": 0.7532467532467533,
        "soft_voting": 0.7467532467532467,
        "linear_soft_voting": 0.7532467532467533
    }
}