{
    "individual_accuracies": [
        0.7467532467532467,
        0.7272727272727273,
        0.6688311688311688,
        0.7402597402597403,
        0.6623376623376623,
        0.7402597402597403,
        0.7272727272727273,
        0.7792207792207793,
        0.7792207792207793,
        0.7142857142857143
    ],
    "mean_accuracy": 0.7285714285714285,
    "ensemble_accuracies": {
        "hard_voting": 0.7402597402597403,
        "soft_voting": 0.7597402597402597,
        "linear_soft_voting": 0.7597402597402597
    }
}