{
    "individual_accuracies": [
        0.7337662337662337,
        0.7337662337662337,
        0.7012987012987013,
        0.7402597402597403,
        0.7792207792207793
    ],
    "mean_accuracy": 0.7376623376623377,
    "ensemble_accuracies": {
        "hard_voting": 0.7337662337662337,
        "soft_voting": 0.7597402597402597,
        "linear_soft_voting": 0.7597402597402597
    }
}