{
    "individual_accuracies": [
        0.7662337662337663,
        0.6103896103896104,
        0.6493506493506493,
        0.6428571428571429,
        0.6558441558441559
    ],
    "mean_accuracy": 0.6649350649350649,
    "ensemble_accuracies": {
        "hard_voting": 0.6428571428571429,
        "soft_voting": 0.6558441558441559,
        "linear_soft_voting": 0.6688311688311688
    }
}