{
    "individual_accuracies": [
        0.9824561403508771,
        0.9736842105263158
    ],
    "mean_accuracy": 0.9780701754385965,
    "ensemble_accuracies": {
        "hard_voting": 0.9824561403508771,
        "soft_voting": 0.9824561403508771,
        "linear_soft_voting": 0.9824561403508771
    }
}