{
    "individual_accuracies": [
        0.9736842105263158,
        0.9649122807017544,
        0.9736842105263158,
        0.956140350877193,
        0.956140350877193,
        0.9649122807017544,
        0.9473684210526315,
        0.9649122807017544,
        0.9736842105263158,
        0.9736842105263158
    ],
    "mean_accuracy": 0.9649122807017543,
    "ensemble_accuracies": {
        "hard_voting": 0.9824561403508771,
        "soft_voting": 0.9824561403508771,
        "linear_soft_voting": 0.9824561403508771
    }
}