{
    "individual_accuracies": [
        0.9649122807017544,
        0.7894736842105263,
        0.8771929824561403,
        0.9385964912280702,
        0.9385964912280702,
        0.9473684210526315,
        0.956140350877193,
        0.8596491228070176,
        0.9473684210526315,
        0.9035087719298246
    ],
    "mean_accuracy": 0.9122807017543861,
    "ensemble_accuracies": {
        "hard_voting": 0.9736842105263158,
        "soft_voting": 0.9649122807017544,
        "linear_soft_voting": 0.9736842105263158
    }
}