{
    "individual_accuracies": [
        0.956140350877193,
        0.9385964912280702,
        0.9649122807017544,
        0.956140350877193,
        0.956140350877193,
        0.9649122807017544,
        0.9385964912280702,
        0.9736842105263158,
        0.9473684210526315,
        0.9385964912280702,
        0.8947368421052632,
        0.9649122807017544,
        0.9210526315789473,
        0.9736842105263158,
        0.9649122807017544,
        0.956140350877193,
        0.9122807017543859,
        0.9649122807017544,
        0.9473684210526315,
        0.9649122807017544
    ],
    "mean_accuracy": 0.9499999999999998,
    "ensemble_accuracies": {
        "hard_voting": 0.9736842105263158,
        "soft_voting": 0.9649122807017544,
        "linear_soft_voting": 0.9649122807017544
    }
}