{
    "individual_accuracies": [
        0.9210526315789473,
        0.9649122807017544,
        0.6578947368421053,
        0.6929824561403509,
        0.956140350877193,
        0.7017543859649122,
        0.9298245614035088,
        0.956140350877193,
        0.9298245614035088,
        0.9298245614035088,
        0.6754385964912281,
        0.8421052631578947,
        0.6228070175438597,
        0.7105263157894737,
        0.9473684210526315,
        0.8771929824561403,
        0.8508771929824561,
        0.6228070175438597,
        0.6228070175438597,
        0.8771929824561403
    ],
    "mean_accuracy": 0.8144736842105262,
    "ensemble_accuracies": {
        "hard_voting": 0.9385964912280702,
        "soft_voting": 0.956140350877193,
        "linear_soft_voting": 0.956140350877193
    }
}