{"weights": [[0.4346470097026466, 0.3971936858525236, 0.3960698520868965, 0.4699902659976008, 0.0673943216334341, -0.5267165829703279, 0.8076761767052284, 1.107711398871863, -0.24153784729794428, -0.07844689177556832, 1.2505727644468974, -0.18899270162203008, 0.5898857399203092, 0.9198767163051468, 0.3165697681944812, -0.6690662698549108, -0.1710767177855919, 0.3143173137069283, -0.5049986073129118, -0.6117606171901208, 0.8739443062257428, 1.357512464344285, 0.5860472389925095, 0.8380301312588694, 0.5473779412614961, -0.005897488838379599, 0.951686477715116, 0.7804078547894191, 1.195597137575808, 0.1629318309379912]], "intercept": [-0.32857199074740046]}