{
    "individual_accuracies": [
        0.4426229508196721,
        0.8852459016393442,
        0.639344262295082,
        0.7704918032786885,
        0.5081967213114754,
        0.6721311475409836,
        0.7377049180327869,
        0.8360655737704918,
        0.5245901639344263,
        0.7377049180327869,
        0.8360655737704918,
        0.7377049180327869,
        0.7868852459016393,
        0.7213114754098361,
        0.7049180327868853,
        0.819672131147541,
        0.7868852459016393,
        0.9016393442622951,
        0.2459016393442623,
        0.5573770491803278
    ],
    "mean_accuracy": 0.6926229508196722,
    "ensemble_accuracies": {
        "hard_voting": 0.8524590163934426,
        "soft_voting": 0.8360655737704918,
        "linear_soft_voting": 0.8360655737704918
    }
}