{
    "individual_accuracies": [
        0.7213114754098361,
        0.8688524590163934,
        0.639344262295082,
        0.8524590163934426,
        0.7868852459016393
    ],
    "mean_accuracy": 0.7737704918032786,
    "ensemble_accuracies": {
        "hard_voting": 0.8688524590163934,
        "soft_voting": 0.8688524590163934,
        "linear_soft_voting": 0.8688524590163934
    }
}