{
    "individual_accuracies": [
        0.7704918032786885,
        0.7704918032786885,
        0.8032786885245902,
        0.6229508196721312,
        0.5737704918032787,
        0.19672131147540983,
        0.8852459016393442,
        0.4098360655737705,
        0.6885245901639344,
        0.7213114754098361
    ],
    "mean_accuracy": 0.6442622950819672,
    "ensemble_accuracies": {
        "hard_voting": 0.8360655737704918,
        "soft_voting": 0.819672131147541,
        "linear_soft_voting": 0.819672131147541
    }
}