{
    "individual_accuracies": [
        0.7868852459016393,
        0.6229508196721312,
        0.7540983606557377,
        0.7213114754098361,
        0.7377049180327869
    ],
    "mean_accuracy": 0.7245901639344262,
    "ensemble_accuracies": {
        "hard_voting": 0.9016393442622951,
        "soft_voting": 0.8688524590163934,
        "linear_soft_voting": 0.8852459016393442
    }
}