{
    "individual_accuracies": [
        0.6557377049180327,
        0.47540983606557374,
        0.5737704918032787,
        0.7868852459016393,
        0.5573770491803278,
        0.7540983606557377,
        0.8032786885245902,
        0.5409836065573771,
        0.8032786885245902,
        0.6229508196721312
    ],
    "mean_accuracy": 0.6573770491803279,
    "ensemble_accuracies": {
        "hard_voting": 0.8032786885245902,
        "soft_voting": 0.7540983606557377,
        "linear_soft_voting": 0.7704918032786885
    }
}