{
    "individual_accuracies": [
        0.7207792207792207,
        0.7402597402597403,
        0.38961038961038963,
        0.7727272727272727,
        0.6818181818181818
    ],
    "mean_accuracy": 0.6610389610389611,
    "ensemble_accuracies": {
        "hard_voting": 0.7597402597402597,
        "soft_voting": 0.7987012987012987,
        "linear_soft_voting": 0.7922077922077922
    }
}