{
    "individual_accuracies": [
        0.6558441558441559,
        0.7207792207792207,
        0.6753246753246753,
        0.6818181818181818,
        0.7077922077922078,
        0.7077922077922078,
        0.7662337662337663,
        0.37662337662337664,
        0.6753246753246753,
        0.6168831168831169
    ],
    "mean_accuracy": 0.6584415584415584,
    "ensemble_accuracies": {
        "hard_voting": 0.7207792207792207,
        "soft_voting": 0.7142857142857143,
        "linear_soft_voting": 0.7207792207792207
    }
}