{
    "individual_accuracies": [
        0.7467532467532467,
        0.6948051948051948,
        0.6493506493506493,
        0.6558441558441559,
        0.6428571428571429
    ],
    "mean_accuracy": 0.6779220779220779,
    "ensemble_accuracies": {
        "hard_voting": 0.6493506493506493,
        "soft_voting": 0.6688311688311688,
        "linear_soft_voting": 0.6623376623376623
    }
}