{
    "individual_accuracies": [
        0.6753246753246753,
        0.6688311688311688,
        0.4025974025974026,
        0.35714285714285715,
        0.6363636363636364,
        0.7077922077922078,
        0.7597402597402597,
        0.6623376623376623,
        0.6623376623376623,
        0.6493506493506493,
        0.6753246753246753,
        0.5,
        0.43506493506493504,
        0.44155844155844154,
        0.6233766233766234,
        0.4935064935064935,
        0.7077922077922078,
        0.7532467532467533,
        0.6753246753246753,
        0.6428571428571429
    ],
    "mean_accuracy": 0.6064935064935065,
    "ensemble_accuracies": {
        "hard_voting": 0.7337662337662337,
        "soft_voting": 0.7792207792207793,
        "linear_soft_voting": 0.7727272727272727
    }
}