{
    "individual_accuracies": [
        0.9122807017543859,
        0.9736842105263158
    ],
    "mean_accuracy": 0.9429824561403508,
    "ensemble_accuracies": {
        "hard_voting": 0.9736842105263158,
        "soft_voting": 0.9824561403508771,
        "linear_soft_voting": 0.9824561403508771
    }
}