{
    "individual_accuracies": [
        0.8771929824561403,
        0.8508771929824561,
        0.8157894736842105,
        0.7017543859649122,
        0.956140350877193,
        0.7280701754385965,
        0.6929824561403509,
        0.7105263157894737,
        0.8070175438596491,
        0.8421052631578947,
        0.9473684210526315,
        0.9210526315789473,
        0.9298245614035088,
        0.6491228070175439,
        0.956140350877193,
        0.9385964912280702,
        0.9298245614035088,
        0.6228070175438597,
        0.6228070175438597,
        0.956140350877193
    ],
    "mean_accuracy": 0.8228070175438595,
    "ensemble_accuracies": {
        "hard_voting": 0.9385964912280702,
        "soft_voting": 0.956140350877193,
        "linear_soft_voting": 0.956140350877193
    }
}