{
    "individual_accuracies": [
        0.8421052631578947,
        0.9736842105263158,
        0.9210526315789473,
        0.7982456140350878,
        0.956140350877193
    ],
    "mean_accuracy": 0.8982456140350876,
    "ensemble_accuracies": {
        "hard_voting": 0.9649122807017544,
        "soft_voting": 0.9736842105263158,
        "linear_soft_voting": 0.9649122807017544
    }
}