{
    "individual_accuracies": [
        0.9035087719298246,
        0.9736842105263158,
        0.868421052631579,
        0.9035087719298246,
        0.9035087719298246,
        0.7631578947368421,
        0.9736842105263158,
        0.8421052631578947,
        0.8596491228070176,
        0.7982456140350878
    ],
    "mean_accuracy": 0.8789473684210526,
    "ensemble_accuracies": {
        "hard_voting": 0.9385964912280702,
        "soft_voting": 0.9649122807017544,
        "linear_soft_voting": 0.9649122807017544
    }
}