{
    "individual_accuracies": [
        0.7280701754385965,
        0.9824561403508771,
        0.6929824561403509,
        0.9473684210526315,
        0.6754385964912281
    ],
    "mean_accuracy": 0.8052631578947368,
    "ensemble_accuracies": {
        "hard_voting": 0.9035087719298246,
        "soft_voting": 0.9649122807017544,
        "linear_soft_voting": 0.9649122807017544
    }
}