{
    "individual_accuracies": [
        0.35964912280701755,
        0.9298245614035088,
        0.42105263157894735,
        0.8421052631578947,
        0.9385964912280702,
        0.9385964912280702,
        0.9122807017543859,
        0.9649122807017544,
        0.7894736842105263,
        0.9298245614035088,
        0.9473684210526315,
        0.9210526315789473,
        0.8070175438596491,
        0.3684210526315789,
        0.6578947368421053,
        0.9122807017543859,
        0.9298245614035088,
        0.9824561403508771,
        0.8421052631578947,
        0.8947368421052632
    ],
    "mean_accuracy": 0.8144736842105263,
    "ensemble_accuracies": {
        "hard_voting": 0.9649122807017544,
        "soft_voting": 0.956140350877193,
        "linear_soft_voting": 0.9649122807017544
    }
}