{
    "individual_accuracies": [
        0.9210526315789473,
        0.6666666666666666,
        0.956140350877193,
        0.6842105263157895,
        0.8245614035087719,
        0.7280701754385965,
        0.956140350877193,
        0.6228070175438597,
        0.9210526315789473,
        0.9736842105263158
    ],
    "mean_accuracy": 0.8254385964912279,
    "ensemble_accuracies": {
        "hard_voting": 0.9649122807017544,
        "soft_voting": 0.956140350877193,
        "linear_soft_voting": 0.9649122807017544
    }
}